{
  "classes":19,
  "label2train":[
    [0, 0],
    [1, 0],
    [2, 0],
    [3, 0],
    [4, 0],
    [5, 0],
    [6, 0],
    [7, 1],
    [8, 2],
    [9, 0],
    [10, 0],
    [11, 3],
    [12, 4],
    [13, 5],
    [14, 0],
    [15, 0],
    [16, 0],
    [17, 6],
    [18, 0],
    [19, 7],
    [20, 8],
    [21, 9],
    [22, 10],
    [23, 11],
    [24, 12],
    [25, 13],
    [26, 14],
    [27, 15],
    [28, 16],
    [29, 0],
    [30, 0],
    [31, 0],
    [32, 17],
    [33, 18],
    [-1, 0]],
  "label":["background",
    "road",
    "sidewalk",
    "building",
    "wall",
    "fence",
    "pole",
    "light",
    "sign",
    "vegetation",
    "terrain",
    "sky",
    "person",
    "rider",
    "car",
    "truck",
    "bus",
    "motocycle",
    "bicycle"],
  "palette":[
    [128,64,128],
    [244,35,232],
    [70,70,70],
    [102,102,156],
    [190,153,153],
    [153,153,153],
    [250,170,30],
    [220,220,0],
    [107,142,35],
    [81,0,81],
    [70,130,180],
    [220,20,60],
    [255,0,0],
    [0,0,142],
    [0,0,70],
    [0,60,100],
    [0,0,230],
    [119,11,32],
    [0,0,0]],
  "mean":[
    73.158359210711552,
    82.908917542625858,
    72.392398761941593],
  "std":[
    47.675755341814678,
    48.494214368814916,
    47.736546325441594]
}
